rsid	chromosome	position	genotype
rs1234	1	123456	AA
rs5678	2	234567	AG
rs91011	3	345678	GG
rs121314	4	456789	CT
rs151617	5	567890	TT
rs1000113	1	1000	CT
rs1001179	2	2000	AG
rs10033464	3	3000	GT
rs1004819	4	4000	CC
rs10086908	5	5000	CT
rs1010	1	6000	AG
rs1012053	2	7000	AC
rs1015362	3	8000	AG
rs10156191	4	9000	TT
rs10168266	5	10000	CT
rs10181656	1	11000	GG
rs10210302	2	12000	TT
rs1024611	3	13000	CT
rs10246939	4	14000	CT
rs10260404	5	15000	CT
rs1026732	1	16000	AG
rs10306114	2	17000	GG
rs10411210	3	18000	TT
rs1042522	4	19000	CG
rs1042713	5	20000	AG
rs10427255	1	21000	CC
rs1042838	2	22000	TT
rs1045485	3	23000	CG
rs10455872	4	24000	GG
rs1045642	5	25000	CT
rs10464059	1	26000	AG
rs10468017	2	27000	TT
rs1047286	3	28000	TT
rs1047781	4	29000	AT
rs10484554	5	30000	TT
rs10485057	1	31000	GG
rs1048661	2	32000	GT